id,email,full_name,role,password,tourist_id,created_at
1,admin@tourism.gov.in,Control Room Officer,admin,admin123,,2026-06-22 18:38:50
2,dcp.east@guwahatipolice.test,DCP East District,admin,admin123,,2026-06-22 18:38:50
3,dcp.central@guwahatipolice.test,DCP Central District,admin,admin123,,2026-06-22 18:38:50
4,dcp.west@guwahatipolice.test,DCP West District,admin,admin123,,2026-06-22 18:38:50
5,tourism.nodal@assam.gov.test,Tourism Nodal Officer,admin,admin123,,2026-06-22 18:38:50
6,christopher.miller.1@inbox.test,Christopher Miller,tourist,tourist123,1,2026-08-04 09:00:00
7,kabir.baishya.3@inbox.test,Kabir Baishya,tourist,tourist123,3,2026-08-28 11:45:00
8,ethan.williams.4@traveller.test,Ethan Williams,tourist,tourist123,4,2026-07-31 14:45:00
9,lucia.lopez.5@example.com,Lucia Lopez,tourist,tourist123,5,2026-08-22 17:00:00
10,siddharth.kalita.6@inbox.test,Siddharth Kalita,tourist,tourist123,6,2026-08-12 13:15:00
11,rohan.saikia.7@traveller.test,Rohan Saikia,tourist,tourist123,7,2026-08-15 12:30:00
12,nabanita.kumar.8@example.com,Nabanita Kumar,tourist,tourist123,8,2026-08-18 06:15:00
13,parag.phukan.9@traveller.test,Parag Phukan,tourist,tourist123,9,2026-08-15 04:00:00
14,emma.roy.10@inbox.test,Emma Roy,tourist,tourist123,10,2026-08-15 08:00:00
15,fenna.bakker.11@traveller.test,Fenna Bakker,tourist,tourist123,11,2026-07-30 20:30:00
16,anjana.adhikari.12@traveller.test,Anjana Adhikari,tourist,tourist123,12,2026-08-13 08:45:00
17,pranjal.verma.14@mailbox.test,Pranjal Verma,tourist,tourist123,14,2026-08-30 20:00:00
18,james.smith.19@traveller.test,James Smith,tourist,tourist123,19,2026-07-29 18:00:00
19,sneha.patel.22@example.com,Sneha Patel,tourist,tourist123,22,2026-07-30 20:30:00
20,simanta.deka.24@example.com,Simanta Deka,tourist,tourist123,24,2026-07-16 08:45:00
21,anurag.sharma.25@traveller.test,Anurag Sharma,tourist,tourist123,25,2026-08-09 17:00:00
22,rohan.deka.26@traveller.test,Rohan Deka,tourist,tourist123,26,2026-09-06 01:00:00
23,chloe.dubois.27@example.com,Chloe Dubois,tourist,tourist123,27,2026-07-14 03:00:00
24,james.rodriguez.28@example.com,James Rodriguez,tourist,tourist123,28,2026-07-25 22:15:00
25,kabir.hazarika.29@example.com,Kabir Hazarika,tourist,tourist123,29,2026-08-12 14:00:00
26,oliver.edwards.30@mailbox.test,Oliver Edwards,tourist,tourist123,30,2026-07-19 22:45:00
27,kabir.rajkhowa.31@mailbox.test,Kabir Rajkhowa,tourist,tourist123,31,2026-07-27 11:00:00
28,fatima.chowdhury.32@traveller.test,Fatima Chowdhury,tourist,tourist123,32,2026-07-22 09:15:00
29,aarav.banerjee.33@example.com,Aarav Banerjee,tourist,tourist123,33,2026-07-15 18:15:00
30,gitanjali.verma.34@example.com,Gitanjali Verma,tourist,tourist123,34,2026-07-18 19:30:00
31,chandana.hazarika.35@traveller.test,Chandana Hazarika,tourist,tourist123,35,2026-09-01 11:00:00
32,owen.bouchard.36@example.com,Owen Bouchard,tourist,tourist123,36,2026-08-20 14:15:00
33,hemanta.verma.37@mailbox.test,Hemanta Verma,tourist,tourist123,37,2026-08-18 09:30:00
34,tamar.cohen.40@mailbox.test,Tamar Cohen,tourist,tourist123,40,2026-08-06 19:30:00
35,tanvir.islam.41@mailbox.test,Tanvir Islam,tourist,tourist123,41,2026-08-07 12:00:00
36,parag.ghosh.45@inbox.test,Parag Ghosh,tourist,tourist123,45,2026-08-28 11:30:00
37,siddharth.choudhury.46@example.com,Siddharth Choudhury,tourist,tourist123,46,2026-07-11 12:15:00
38,ishita.banerjee.47@traveller.test,Ishita Banerjee,tourist,tourist123,47,2026-08-10 06:15:00
39,aarav.singh.49@traveller.test,Aarav Singh,tourist,tourist123,49,2026-07-24 05:15:00
40,utpal.nair.50@example.com,Utpal Nair,tourist,tourist123,50,2026-09-06 22:45:00
41,junmoni.kalita.51@traveller.test,Junmoni Kalita,tourist,tourist123,51,2026-07-26 23:00:00
42,simanta.rajkhowa.52@inbox.test,Simanta Rajkhowa,tourist,tourist123,52,2026-07-28 11:30:00
43,rituparna.bora.53@example.com,Rituparna Bora,tourist,tourist123,53,2026-08-14 18:30:00
44,arjun.iyer.54@mailbox.test,Arjun Iyer,tourist,tourist123,54,2026-09-01 19:00:00
45,manish.bhattacharya.55@mailbox.test,Manish Bhattacharya,tourist,tourist123,55,2026-08-04 07:15:00
46,bornali.saikia.56@mailbox.test,Bornali Saikia,tourist,tourist123,56,2026-08-15 11:30:00
47,chandana.nath.57@example.com,Chandana Nath,tourist,tourist123,57,2026-07-23 11:30:00
48,ishita.deka.58@traveller.test,Ishita Deka,tourist,tourist123,58,2026-08-09 03:30:00
49,rohan.verma.59@inbox.test,Rohan Verma,tourist,tourist123,59,2026-09-08 19:00:00
50,aarav.nair.60@traveller.test,Aarav Nair,tourist,tourist123,60,2026-07-08 13:30:00
51,utpal.gogoi.61@traveller.test,Utpal Gogoi,tourist,tourist123,61,2026-08-06 05:15:00
52,bornali.banerjee.62@traveller.test,Bornali Banerjee,tourist,tourist123,62,2026-07-05 00:30:00
53,tashi.dorji.63@mailbox.test,Tashi Dorji,tourist,tourist123,63,2026-07-11 07:45:00
54,amelia.green.64@inbox.test,Amelia Green,tourist,tourist123,64,2026-08-10 01:45:00
55,debojit.sen.65@traveller.test,Debojit Sen,tourist,tourist123,65,2026-09-01 17:15:00
56,anurag.banerjee.66@mailbox.test,Anurag Banerjee,tourist,tourist123,66,2026-07-24 04:30:00
57,parag.singh.67@inbox.test,Parag Singh,tourist,tourist123,67,2026-07-22 06:00:00
58,chandana.hazarika.68@inbox.test,Chandana Hazarika,tourist,tourist123,68,2026-08-04 02:15:00
59,debojit.patel.69@example.com,Debojit Patel,tourist,tourist123,69,2026-08-13 20:45:00
60,divya.das.70@traveller.test,Divya Das,tourist,tourist123,70,2026-08-20 05:30:00
61,aarav.phukan.73@traveller.test,Aarav Phukan,tourist,tourist123,73,2026-07-28 16:15:00
62,shu.ting.tan.75@mailbox.test,Shu Ting Tan,tourist,tourist123,75,2026-08-10 23:00:00
63,anjali.barua.76@traveller.test,Anjali Barua,tourist,tourist123,76,2026-08-10 03:45:00
64,bornali.baishya.77@inbox.test,Bornali Baishya,tourist,tourist123,77,2026-08-17 03:15:00
65,nikhil.iyer.78@mailbox.test,Nikhil Iyer,tourist,tourist123,78,2026-07-04 23:00:00
66,hemanta.ghosh.79@traveller.test,Hemanta Ghosh,tourist,tourist123,79,2026-07-29 22:00:00
67,meera.patel.80@inbox.test,Meera Patel,tourist,tourist123,80,2026-08-27 06:30:00
68,nabanita.bhattacharya.81@mailbox.test,Nabanita Bhattacharya,tourist,tourist123,81,2026-08-08 07:15:00
69,pedro.pereira.82@inbox.test,Pedro Pereira,tourist,tourist123,82,2026-07-31 19:45:00
70,rupam.singh.83@traveller.test,Rupam Singh,tourist,tourist123,83,2026-07-18 16:45:00
71,debojit.baishya.85@inbox.test,Debojit Baishya,tourist,tourist123,85,2026-07-15 04:15:00
72,jayanta.bhattacharya.86@inbox.test,Jayanta Bhattacharya,tourist,tourist123,86,2026-08-08 12:45:00
73,christopher.jones.87@example.com,Christopher Jones,tourist,tourist123,87,2026-07-04 12:00:00
74,hemanta.phukan.88@traveller.test,Hemanta Phukan,tourist,tourist123,88,2026-08-17 15:15:00
75,ishita.iyer.89@mailbox.test,Ishita Iyer,tourist,tourist123,89,2026-07-21 17:30:00
76,rumana.begum.90@mailbox.test,Rumana Begum,tourist,tourist123,90,2026-07-16 15:15:00
77,daniel.johnson.92@example.com,Daniel Johnson,tourist,tourist123,92,2026-08-05 14:45:00
78,simanta.nair.93@traveller.test,Simanta Nair,tourist,tourist123,93,2026-08-10 22:15:00
79,anjali.gogoi.94@inbox.test,Anjali Gogoi,tourist,tourist123,94,2026-08-15 08:00:00
80,tanvir.rahman.95@mailbox.test,Tanvir Rahman,tourist,tourist123,95,2026-07-14 19:30:00
81,hemanta.medhi.96@traveller.test,Hemanta Medhi,tourist,tourist123,96,2026-09-01 02:15:00
82,rituparna.banerjee.97@traveller.test,Rituparna Banerjee,tourist,tourist123,97,2026-08-28 10:15:00
83,nabanita.deka.99@inbox.test,Nabanita Deka,tourist,tourist123,99,2026-08-27 12:00:00
84,logan.tremblay.100@mailbox.test,Logan Tremblay,tourist,tourist123,100,2026-08-10 06:30:00
85,nabanita.bora.101@traveller.test,Nabanita Bora,tourist,tourist123,101,2026-07-05 21:00:00
86,pooja.nath.102@mailbox.test,Pooja Nath,tourist,tourist123,102,2026-07-11 16:30:00
87,riya.iyer.103@traveller.test,Riya Iyer,tourist,tourist123,103,2026-08-05 05:45:00
88,utpal.rajkhowa.104@traveller.test,Utpal Rajkhowa,tourist,tourist123,104,2026-08-18 01:45:00
89,kabir.medhi.105@mailbox.test,Kabir Medhi,tourist,tourist123,105,2026-08-17 15:30:00
90,nikhil.bora.106@example.com,Nikhil Bora,tourist,tourist123,106,2026-08-09 05:00:00
91,jayanta.kalita.107@mailbox.test,Jayanta Kalita,tourist,tourist123,107,2026-09-02 12:00:00
92,anjali.saikia.109@inbox.test,Anjali Saikia,tourist,tourist123,109,2026-08-03 11:45:00
93,mridula.banerjee.110@example.com,Mridula Banerjee,tourist,tourist123,110,2026-08-09 01:45:00
94,bhaskar.banerjee.111@mailbox.test,Bhaskar Banerjee,tourist,tourist123,111,2026-07-25 13:15:00
95,mahmuda.sarkar.112@traveller.test,Mahmuda Sarkar,tourist,tourist123,112,2026-07-19 16:45:00
96,bornali.iyer.116@example.com,Bornali Iyer,tourist,tourist123,116,2026-07-24 21:15:00
97,vikram.dutta.117@example.com,Vikram Dutta,tourist,tourist123,117,2026-07-26 10:45:00
98,chandana.gogoi.118@mailbox.test,Chandana Gogoi,tourist,tourist123,118,2026-08-11 09:15:00
99,ishita.gogoi.119@example.com,Ishita Gogoi,tourist,tourist123,119,2026-07-25 10:30:00
100,nikhil.bora.121@inbox.test,Nikhil Bora,tourist,tourist123,121,2026-07-31 02:15:00
101,rituparna.iyer.122@example.com,Rituparna Iyer,tourist,tourist123,122,2026-08-17 02:45:00
102,junmoni.kumar.123@inbox.test,Junmoni Kumar,tourist,tourist123,123,2026-08-16 17:00:00
103,meera.bhattacharya.125@mailbox.test,Meera Bhattacharya,tourist,tourist123,125,2026-07-25 14:30:00
104,nabanita.barua.126@inbox.test,Nabanita Barua,tourist,tourist123,126,2026-07-30 21:15:00
105,ananya.dutta.127@inbox.test,Ananya Dutta,tourist,tourist123,127,2026-08-13 06:30:00
106,louis.moreau.128@mailbox.test,Louis Moreau,tourist,tourist123,128,2026-08-14 07:45:00
107,rahul.das.129@mailbox.test,Rahul Das,tourist,tourist123,129,2026-09-01 17:30:00
108,aarav.choudhury.130@traveller.test,Aarav Choudhury,tourist,tourist123,130,2026-07-22 09:00:00
109,bornali.choudhury.131@mailbox.test,Bornali Choudhury,tourist,tourist123,131,2026-08-06 17:45:00
110,bhaskar.bhattacharya.132@traveller.test,Bhaskar Bhattacharya,tourist,tourist123,132,2026-07-29 00:45:00
111,ava.cote.133@mailbox.test,Ava Cote,tourist,tourist123,133,2026-08-08 14:30:00
112,mei.ling.rahman.134@traveller.test,Mei Ling Rahman,tourist,tourist123,134,2026-08-23 18:45:00
113,divya.reddy.135@inbox.test,Divya Reddy,tourist,tourist123,135,2026-08-30 09:00:00
114,ayesha.rahman.136@mailbox.test,Ayesha Rahman,tourist,tourist123,136,2026-08-03 13:00:00
115,aditya.banerjee.137@mailbox.test,Aditya Banerjee,tourist,tourist123,137,2026-07-14 17:15:00
116,jayanta.patel.138@example.com,Jayanta Patel,tourist,tourist123,138,2026-08-17 06:45:00
117,junmoni.bora.140@mailbox.test,Junmoni Bora,tourist,tourist123,140,2026-08-12 11:00:00
118,aditya.patel.141@example.com,Aditya Patel,tourist,tourist123,141,2026-08-08 02:45:00
119,aarav.medhi.142@mailbox.test,Aarav Medhi,tourist,tourist123,142,2026-08-13 14:15:00
120,kavya.singh.144@example.com,Kavya Singh,tourist,tourist123,144,2026-08-12 21:00:00
121,mridula.patel.145@inbox.test,Mridula Patel,tourist,tourist123,145,2026-07-04 12:15:00
122,siddharth.baishya.146@mailbox.test,Siddharth Baishya,tourist,tourist123,146,2026-07-25 14:15:00
123,charlotte.baker.147@mailbox.test,Charlotte Baker,tourist,tourist123,147,2026-08-25 08:30:00
124,utpal.sen.148@example.com,Utpal Sen,tourist,tourist123,148,2026-08-27 00:00:00
125,sofia.romano.149@inbox.test,Sofia Romano,tourist,tourist123,149,2026-08-16 14:00:00
126,manish.nair.150@mailbox.test,Manish Nair,tourist,tourist123,150,2026-08-30 18:30:00
127,sabina.rahman.151@traveller.test,Sabina Rahman,tourist,tourist123,151,2026-08-22 13:15:00
128,kavya.gogoi.152@example.com,Kavya Gogoi,tourist,tourist123,152,2026-07-25 18:00:00
129,elena.gomez.153@example.com,Elena Gomez,tourist,tourist123,153,2026-08-13 03:00:00
130,nikhil.sharma.155@example.com,Nikhil Sharma,tourist,tourist123,155,2026-08-02 03:15:00
131,rituparna.kumar.156@example.com,Rituparna Kumar,tourist,tourist123,156,2026-08-14 09:45:00
132,pranjal.banerjee.157@example.com,Pranjal Banerjee,tourist,tourist123,157,2026-08-13 16:45:00
133,kavya.bhattacharya.158@example.com,Kavya Bhattacharya,tourist,tourist123,158,2026-07-29 17:00:00
134,alfie.wright.159@mailbox.test,Alfie Wright,tourist,tourist123,159,2026-08-05 03:15:00
135,kavya.deka.160@example.com,Kavya Deka,tourist,tourist123,160,2026-07-25 10:30:00
136,nuwan.jayasuriya.161@example.com,Nuwan Jayasuriya,tourist,tourist123,161,2026-07-16 02:30:00
137,bishal.deka.162@inbox.test,Bishal Deka,tourist,tourist123,162,2026-08-22 13:45:00
138,bhaskar.ghosh.164@mailbox.test,Bhaskar Ghosh,tourist,tourist123,164,2026-08-02 21:30:00
139,anurag.baishya.165@example.com,Anurag Baishya,tourist,tourist123,165,2026-07-27 12:30:00
140,anurag.patel.167@mailbox.test,Anurag Patel,tourist,tourist123,167,2026-07-28 19:00:00
141,chandana.nair.168@traveller.test,Chandana Nair,tourist,tourist123,168,2026-07-22 00:00:00
142,utpal.reddy.169@example.com,Utpal Reddy,tourist,tourist123,169,2026-08-02 04:00:00
143,amelia.baker.170@traveller.test,Amelia Baker,tourist,tourist123,170,2026-07-25 21:15:00
144,chandana.verma.171@traveller.test,Chandana Verma,tourist,tourist123,171,2026-08-29 07:30:00
145,nusrat.begum.172@mailbox.test,Nusrat Begum,tourist,tourist123,172,2026-07-30 15:00:00
146,oliver.hall.174@inbox.test,Oliver Hall,tourist,tourist123,174,2026-07-16 10:30:00
147,rohan.kalita.175@example.com,Rohan Kalita,tourist,tourist123,175,2026-08-18 15:45:00
148,arjun.gogoi.178@traveller.test,Arjun Gogoi,tourist,tourist123,178,2026-07-27 08:15:00
149,divya.dutta.180@inbox.test,Divya Dutta,tourist,tourist123,180,2026-08-12 11:30:00
150,jayanta.verma.181@inbox.test,Jayanta Verma,tourist,tourist123,181,2026-08-23 09:00:00
151,meera.das.185@traveller.test,Meera Das,tourist,tourist123,185,2026-07-28 14:45:00
152,junmoni.patel.186@mailbox.test,Junmoni Patel,tourist,tourist123,186,2026-08-20 21:45:00
153,hemanta.rajkhowa.187@example.com,Hemanta Rajkhowa,tourist,tourist123,187,2026-07-07 18:45:00
154,anurag.nath.188@inbox.test,Anurag Nath,tourist,tourist123,188,2026-07-28 11:45:00
155,sneha.mishra.189@mailbox.test,Sneha Mishra,tourist,tourist123,189,2026-08-21 06:00:00
156,rupam.barua.190@example.com,Rupam Barua,tourist,tourist123,190,2026-08-09 03:15:00
157,pranjal.singh.191@inbox.test,Pranjal Singh,tourist,tourist123,191,2026-08-07 07:15:00
158,aditya.bora.192@mailbox.test,Aditya Bora,tourist,tourist123,192,2026-07-20 11:30:00
159,anurag.nair.193@inbox.test,Anurag Nair,tourist,tourist123,193,2026-07-26 11:00:00
160,mridula.choudhury.194@inbox.test,Mridula Choudhury,tourist,tourist123,194,2026-09-09 01:45:00
161,rohan.phukan.195@inbox.test,Rohan Phukan,tourist,tourist123,195,2026-07-21 05:00:00
162,ananya.kalita.196@example.com,Ananya Kalita,tourist,tourist123,196,2026-07-12 11:15:00
163,divya.iyer.197@traveller.test,Divya Iyer,tourist,tourist123,197,2026-08-13 00:00:00
164,aarav.saikia.198@traveller.test,Aarav Saikia,tourist,tourist123,198,2026-08-23 04:15:00
165,anurag.sharma.199@traveller.test,Anurag Sharma,tourist,tourist123,199,2026-08-21 13:45:00
166,priya.patel.200@traveller.test,Priya Patel,tourist,tourist123,200,2026-08-15 22:30:00
167,meera.saikia.201@traveller.test,Meera Saikia,tourist,tourist123,201,2026-07-09 03:45:00
168,rupam.baishya.202@inbox.test,Rupam Baishya,tourist,tourist123,202,2026-07-09 03:30:00
169,rohan.das.203@traveller.test,Rohan Das,tourist,tourist123,203,2026-07-30 02:45:00
170,ethan.jones.204@traveller.test,Ethan Jones,tourist,tourist123,204,2026-08-24 04:00:00
171,nuwan.fernando.205@inbox.test,Nuwan Fernando,tourist,tourist123,205,2026-07-24 17:00:00
172,kavya.dutta.206@inbox.test,Kavya Dutta,tourist,tourist123,206,2026-09-01 17:30:00
173,rituparna.barua.207@example.com,Rituparna Barua,tourist,tourist123,207,2026-08-15 06:45:00
174,ishita.banerjee.208@inbox.test,Ishita Banerjee,tourist,tourist123,208,2026-07-30 09:45:00
175,rituparna.gogoi.209@inbox.test,Rituparna Gogoi,tourist,tourist123,209,2026-08-19 06:15:00
176,anjali.baishya.210@traveller.test,Anjali Baishya,tourist,tourist123,210,2026-07-17 16:15:00
177,dhruv.deka.211@inbox.test,Dhruv Deka,tourist,tourist123,211,2026-07-26 12:15:00
178,sophie.hughes.212@example.com,Sophie Hughes,tourist,tourist123,212,2026-08-08 04:45:00
179,noah.martin.213@example.com,Noah Martin,tourist,tourist123,213,2026-07-06 10:00:00
180,gitanjali.iyer.215@example.com,Gitanjali Iyer,tourist,tourist123,215,2026-07-26 11:15:00
181,meera.verma.217@traveller.test,Meera Verma,tourist,tourist123,217,2026-08-12 15:45:00
182,manish.dutta.218@inbox.test,Manish Dutta,tourist,tourist123,218,2026-08-19 01:00:00
183,chandana.sen.220@inbox.test,Chandana Sen,tourist,tourist123,220,2026-07-08 00:45:00
184,rohan.choudhury.221@example.com,Rohan Choudhury,tourist,tourist123,221,2026-08-05 07:00:00
185,meera.ghosh.222@mailbox.test,Meera Ghosh,tourist,tourist123,222,2026-07-29 17:00:00
186,rupam.kalita.223@inbox.test,Rupam Kalita,tourist,tourist123,223,2026-07-23 01:45:00
187,divya.nath.224@inbox.test,Divya Nath,tourist,tourist123,224,2026-07-21 14:00:00
188,amanda.jones.226@traveller.test,Amanda Jones,tourist,tourist123,226,2026-08-17 11:30:00
189,parag.nair.229@mailbox.test,Parag Nair,tourist,tourist123,229,2026-08-18 04:30:00
190,parag.iyer.230@example.com,Parag Iyer,tourist,tourist123,230,2026-07-13 00:15:00
191,rupam.nair.232@traveller.test,Rupam Nair,tourist,tourist123,232,2026-08-01 08:15:00
192,sneha.mishra.233@mailbox.test,Sneha Mishra,tourist,tourist123,233,2026-08-03 13:00:00
193,rupam.banerjee.234@mailbox.test,Rupam Banerjee,tourist,tourist123,234,2026-07-31 16:15:00
194,bhaskar.sharma.235@example.com,Bhaskar Sharma,tourist,tourist123,235,2026-07-07 08:30:00
195,junmoni.mishra.236@mailbox.test,Junmoni Mishra,tourist,tourist123,236,2026-08-17 22:45:00
196,aditya.sharma.237@inbox.test,Aditya Sharma,tourist,tourist123,237,2026-08-04 09:15:00
197,pooja.das.238@mailbox.test,Pooja Das,tourist,tourist123,238,2026-08-17 18:15:00
198,divya.deka.239@example.com,Divya Deka,tourist,tourist123,239,2026-07-19 10:45:00
199,anjali.verma.240@example.com,Anjali Verma,tourist,tourist123,240,2026-07-25 09:00:00
200,sunita.shrestha.241@mailbox.test,Sunita Shrestha,tourist,tourist123,241,2026-08-15 16:00:00
201,emma.clarke.242@mailbox.test,Emma Clarke,tourist,tourist123,242,2026-07-28 18:00:00
202,lucas.roy.243@inbox.test,Lucas Roy,tourist,tourist123,243,2026-07-20 14:15:00
203,dilani.jayasuriya.244@example.com,Dilani Jayasuriya,tourist,tourist123,244,2026-08-23 23:00:00
204,ethan.smith.245@mailbox.test,Ethan Smith,tourist,tourist123,245,2026-07-22 20:00:00
205,gitanjali.singh.247@traveller.test,Gitanjali Singh,tourist,tourist123,247,2026-08-15 00:45:00
206,anjana.adhikari.248@example.com,Anjana Adhikari,tourist,tourist123,248,2026-07-17 12:45:00
207,mridula.choudhury.249@inbox.test,Mridula Choudhury,tourist,tourist123,249,2026-07-14 23:30:00
208,anurag.mishra.250@inbox.test,Anurag Mishra,tourist,tourist123,250,2026-08-14 16:30:00
209,junmoni.deka.252@example.com,Junmoni Deka,tourist,tourist123,252,2026-07-29 10:15:00
210,arjun.sharma.253@inbox.test,Arjun Sharma,tourist,tourist123,253,2026-07-15 12:45:00
211,gitanjali.ghosh.254@inbox.test,Gitanjali Ghosh,tourist,tourist123,254,2026-08-05 06:15:00
212,rohan.iyer.255@inbox.test,Rohan Iyer,tourist,tourist123,255,2026-08-16 12:45:00
213,rumana.sarkar.256@mailbox.test,Rumana Sarkar,tourist,tourist123,256,2026-08-19 03:30:00
214,siddharth.hazarika.257@mailbox.test,Siddharth Hazarika,tourist,tourist123,257,2026-07-19 22:15:00
215,riya.deka.258@mailbox.test,Riya Deka,tourist,tourist123,258,2026-08-08 21:30:00
216,sneha.hazarika.259@traveller.test,Sneha Hazarika,tourist,tourist123,259,2026-07-17 18:15:00
217,rumana.uddin.260@mailbox.test,Rumana Uddin,tourist,tourist123,260,2026-08-24 19:45:00
218,divya.rajkhowa.261@example.com,Divya Rajkhowa,tourist,tourist123,261,2026-07-07 12:45:00
219,siddharth.saikia.262@inbox.test,Siddharth Saikia,tourist,tourist123,262,2026-07-27 01:30:00
220,doyun.choi.263@inbox.test,Doyun Choi,tourist,tourist123,263,2026-07-16 18:45:00
221,aarav.bora.264@example.com,Aarav Bora,tourist,tourist123,264,2026-07-22 10:30:00
222,aiman.lim.265@mailbox.test,Aiman Lim,tourist,tourist123,265,2026-08-31 19:30:00
223,vikram.deka.267@mailbox.test,Vikram Deka,tourist,tourist123,267,2026-08-01 15:45:00
224,junmoni.barua.268@inbox.test,Junmoni Barua,tourist,tourist123,268,2026-08-09 13:00:00
225,jayanta.rajkhowa.269@inbox.test,Jayanta Rajkhowa,tourist,tourist123,269,2026-08-03 11:00:00
226,jayanta.kalita.270@mailbox.test,Jayanta Kalita,tourist,tourist123,270,2026-08-20 09:15:00
227,sneha.dutta.271@inbox.test,Sneha Dutta,tourist,tourist123,271,2026-07-28 21:00:00
228,kabir.nair.272@mailbox.test,Kabir Nair,tourist,tourist123,272,2026-07-23 21:00:00
229,bhaskar.ghosh.273@traveller.test,Bhaskar Ghosh,tourist,tourist123,273,2026-08-06 09:00:00
230,mridula.verma.274@inbox.test,Mridula Verma,tourist,tourist123,274,2026-07-15 06:00:00
231,bhaskar.reddy.275@example.com,Bhaskar Reddy,tourist,tourist123,275,2026-08-12 04:15:00
232,anjali.kalita.276@example.com,Anjali Kalita,tourist,tourist123,276,2026-08-03 00:00:00
233,mei.ling.lim.277@traveller.test,Mei Ling Lim,tourist,tourist123,277,2026-08-15 14:45:00
234,anjali.dutta.278@example.com,Anjali Dutta,tourist,tourist123,278,2026-08-10 00:15:00
235,kabir.kalita.279@example.com,Kabir Kalita,tourist,tourist123,279,2026-07-20 20:00:00
236,hemanta.medhi.281@mailbox.test,Hemanta Medhi,tourist,tourist123,281,2026-08-21 07:15:00
237,divya.medhi.282@mailbox.test,Divya Medhi,tourist,tourist123,282,2026-07-19 19:45:00
238,anurag.hazarika.283@example.com,Anurag Hazarika,tourist,tourist123,283,2026-08-08 14:45:00
239,parag.nath.285@traveller.test,Parag Nath,tourist,tourist123,285,2026-08-19 07:45:00
240,anurag.mishra.286@example.com,Anurag Mishra,tourist,tourist123,286,2026-08-17 00:00:00
241,cooper.thompson.287@example.com,Cooper Thompson,tourist,tourist123,287,2026-08-18 20:30:00
242,ethan.miller.288@mailbox.test,Ethan Miller,tourist,tourist123,288,2026-07-24 15:45:00
243,minjun.jung.289@inbox.test,Minjun Jung,tourist,tourist123,289,2026-07-28 13:15:00
244,kabir.hazarika.290@traveller.test,Kabir Hazarika,tourist,tourist123,290,2026-08-03 09:00:00
245,anurag.nair.291@traveller.test,Anurag Nair,tourist,tourist123,291,2026-08-17 20:15:00
246,anurag.hazarika.292@mailbox.test,Anurag Hazarika,tourist,tourist123,292,2026-08-14 04:30:00
247,bishal.kumar.293@traveller.test,Bishal Kumar,tourist,tourist123,293,2026-07-11 09:30:00
248,debojit.patel.294@example.com,Debojit Patel,tourist,tourist123,294,2026-07-14 16:30:00
249,rupam.singh.297@inbox.test,Rupam Singh,tourist,tourist123,297,2026-07-18 21:45:00
250,rahul.sharma.298@example.com,Rahul Sharma,tourist,tourist123,298,2026-07-16 22:00:00
251,aarav.baishya.299@mailbox.test,Aarav Baishya,tourist,tourist123,299,2026-09-04 07:00:00
252,manish.medhi.300@inbox.test,Manish Medhi,tourist,tourist123,300,2026-08-04 13:00:00
253,manish.iyer.301@traveller.test,Manish Iyer,tourist,tourist123,301,2026-08-08 18:15:00
254,divya.baishya.302@traveller.test,Divya Baishya,tourist,tourist123,302,2026-08-26 18:00:00
255,priya.kalita.304@example.com,Priya Kalita,tourist,tourist123,304,2026-08-17 15:30:00
256,arjun.bora.306@mailbox.test,Arjun Bora,tourist,tourist123,306,2026-08-25 10:00:00
257,jayanta.gogoi.307@inbox.test,Jayanta Gogoi,tourist,tourist123,307,2026-08-30 19:00:00
258,nikhil.gogoi.308@inbox.test,Nikhil Gogoi,tourist,tourist123,308,2026-08-11 10:00:00
259,kavya.ghosh.311@example.com,Kavya Ghosh,tourist,tourist123,311,2026-08-15 18:15:00
260,nattapong.wongsawat.312@inbox.test,Nattapong Wongsawat,tourist,tourist123,312,2026-08-31 22:15:00
261,chloe.campbell.313@inbox.test,Chloe Campbell,tourist,tourist123,313,2026-08-22 05:45:00
262,grace.wright.314@mailbox.test,Grace Wright,tourist,tourist123,314,2026-08-31 12:45:00
263,kabir.bhattacharya.315@inbox.test,Kabir Bhattacharya,tourist,tourist123,315,2026-09-01 08:15:00
264,rohan.iyer.316@example.com,Rohan Iyer,tourist,tourist123,316,2026-07-17 16:30:00
265,sneha.saikia.318@inbox.test,Sneha Saikia,tourist,tourist123,318,2026-08-29 12:15:00
266,pranjal.ghosh.319@mailbox.test,Pranjal Ghosh,tourist,tourist123,319,2026-08-16 09:30:00
267,dhruv.nath.320@inbox.test,Dhruv Nath,tourist,tourist123,320,2026-07-23 05:00:00
268,mridula.reddy.321@inbox.test,Mridula Reddy,tourist,tourist123,321,2026-08-06 21:15:00
269,camille.bernard.323@example.com,Camille Bernard,tourist,tourist123,323,2026-08-06 01:15:00
270,riya.verma.324@traveller.test,Riya Verma,tourist,tourist123,324,2026-07-27 17:00:00
271,jayanta.bora.325@example.com,Jayanta Bora,tourist,tourist123,325,2026-08-03 00:15:00
272,nikhil.rajkhowa.327@traveller.test,Nikhil Rajkhowa,tourist,tourist123,327,2026-08-05 06:15:00
273,kavya.singh.328@mailbox.test,Kavya Singh,tourist,tourist123,328,2026-08-13 21:30:00
274,james.wilson.329@inbox.test,James Wilson,tourist,tourist123,329,2026-08-17 16:15:00
275,aditya.choudhury.331@traveller.test,Aditya Choudhury,tourist,tourist123,331,2026-07-12 09:15:00
276,simanta.sen.332@mailbox.test,Simanta Sen,tourist,tourist123,332,2026-07-24 17:15:00
277,anjana.adhikari.333@example.com,Anjana Adhikari,tourist,tourist123,333,2026-07-09 15:45:00
278,rahul.sen.335@example.com,Rahul Sen,tourist,tourist123,335,2026-07-27 18:15:00
279,george.baker.336@example.com,George Baker,tourist,tourist123,336,2026-08-01 10:30:00
280,arjun.saikia.337@inbox.test,Arjun Saikia,tourist,tourist123,337,2026-08-08 04:45:00
281,riya.choudhury.338@inbox.test,Riya Choudhury,tourist,tourist123,338,2026-07-28 19:15:00
282,vikram.kalita.340@inbox.test,Vikram Kalita,tourist,tourist123,340,2026-07-30 03:45:00
283,anurag.reddy.341@inbox.test,Anurag Reddy,tourist,tourist123,341,2026-08-08 09:45:00
284,nikhil.saikia.342@mailbox.test,Nikhil Saikia,tourist,tourist123,342,2026-09-03 01:45:00
285,mridula.rajkhowa.343@example.com,Mridula Rajkhowa,tourist,tourist123,343,2026-08-12 08:30:00
286,aarav.dutta.344@traveller.test,Aarav Dutta,tourist,tourist123,344,2026-08-23 07:15:00
287,jack.hall.345@inbox.test,Jack Hall,tourist,tourist123,345,2026-08-26 21:30:00
288,gitanjali.rajkhowa.346@inbox.test,Gitanjali Rajkhowa,tourist,tourist123,346,2026-08-04 21:15:00
289,rituparna.iyer.347@example.com,Rituparna Iyer,tourist,tourist123,347,2026-07-13 05:30:00
290,divya.saikia.348@mailbox.test,Divya Saikia,tourist,tourist123,348,2026-07-12 02:00:00
291,liam.campbell.349@mailbox.test,Liam Campbell,tourist,tourist123,349,2026-08-04 02:45:00
292,nabanita.saikia.350@mailbox.test,Nabanita Saikia,tourist,tourist123,350,2026-07-12 16:00:00
293,ananya.baishya.351@example.com,Ananya Baishya,tourist,tourist123,351,2026-08-27 22:15:00
294,david.davis.352@inbox.test,David Davis,tourist,tourist123,352,2026-07-31 12:00:00
295,hemanta.gogoi.353@inbox.test,Hemanta Gogoi,tourist,tourist123,353,2026-07-13 18:00:00
296,alfie.baker.354@inbox.test,Alfie Baker,tourist,tourist123,354,2026-07-28 20:00:00
297,aarav.choudhury.356@traveller.test,Aarav Choudhury,tourist,tourist123,356,2026-08-07 16:00:00
298,shakib.hossain.357@traveller.test,Shakib Hossain,tourist,tourist123,357,2026-07-14 18:00:00
299,vikram.ghosh.358@inbox.test,Vikram Ghosh,tourist,tourist123,358,2026-08-10 06:45:00
300,rupam.gogoi.359@inbox.test,Rupam Gogoi,tourist,tourist123,359,2026-07-24 19:15:00
301,dhruv.nair.360@traveller.test,Dhruv Nair,tourist,tourist123,360,2026-07-24 16:00:00
302,grace.walker.361@inbox.test,Grace Walker,tourist,tourist123,361,2026-07-29 17:00:00
303,ananya.reddy.362@example.com,Ananya Reddy,tourist,tourist123,362,2026-07-15 18:15:00
304,utpal.hazarika.364@mailbox.test,Utpal Hazarika,tourist,tourist123,364,2026-08-08 12:30:00
305,tanvir.uddin.365@example.com,Tanvir Uddin,tourist,tourist123,365,2026-08-18 03:45:00
306,rahim.chowdhury.366@traveller.test,Rahim Chowdhury,tourist,tourist123,366,2026-07-16 09:45:00
307,priya.nath.368@example.com,Priya Nath,tourist,tourist123,368,2026-08-01 15:15:00
308,rituparna.medhi.369@mailbox.test,Rituparna Medhi,tourist,tourist123,369,2026-08-24 12:00:00
309,priya.ghosh.370@example.com,Priya Ghosh,tourist,tourist123,370,2026-08-09 03:15:00
310,ananya.phukan.372@mailbox.test,Ananya Phukan,tourist,tourist123,372,2026-08-18 18:00:00
311,mia.harris.373@example.com,Mia Harris,tourist,tourist123,373,2026-08-04 23:15:00
312,bhaskar.mishra.374@example.com,Bhaskar Mishra,tourist,tourist123,374,2026-07-20 11:30:00
313,pooja.sharma.377@example.com,Pooja Sharma,tourist,tourist123,377,2026-08-28 01:15:00
314,debojit.reddy.378@traveller.test,Debojit Reddy,tourist,tourist123,378,2026-08-03 00:45:00
315,nabanita.dutta.379@inbox.test,Nabanita Dutta,tourist,tourist123,379,2026-08-08 12:15:00
316,rahim.uddin.380@mailbox.test,Rahim Uddin,tourist,tourist123,380,2026-08-14 03:30:00
317,divya.baishya.381@mailbox.test,Divya Baishya,tourist,tourist123,381,2026-08-16 23:00:00
318,meera.bhattacharya.382@example.com,Meera Bhattacharya,tourist,tourist123,382,2026-07-20 21:45:00
319,simanta.patel.383@traveller.test,Simanta Patel,tourist,tourist123,383,2026-08-03 23:00:00
320,divya.barua.385@example.com,Divya Barua,tourist,tourist123,385,2026-07-27 02:45:00
321,junmoni.das.386@mailbox.test,Junmoni Das,tourist,tourist123,386,2026-07-23 16:30:00
322,debojit.medhi.387@inbox.test,Debojit Medhi,tourist,tourist123,387,2026-07-05 16:00:00
323,johan.botha.388@mailbox.test,Johan Botha,tourist,tourist123,388,2026-08-08 20:00:00
324,logan.bouchard.389@example.com,Logan Bouchard,tourist,tourist123,389,2026-07-29 03:15:00
325,dhruv.das.390@example.com,Dhruv Das,tourist,tourist123,390,2026-08-10 16:00:00
326,hemanta.bhattacharya.391@inbox.test,Hemanta Bhattacharya,tourist,tourist123,391,2026-08-12 12:30:00
327,chandana.saikia.392@example.com,Chandana Saikia,tourist,tourist123,392,2026-07-31 02:15:00
328,chandana.sharma.393@traveller.test,Chandana Sharma,tourist,tourist123,393,2026-08-21 09:15:00
329,rahim.islam.394@example.com,Rahim Islam,tourist,tourist123,394,2026-08-01 17:15:00
330,pranjal.sen.395@traveller.test,Pranjal Sen,tourist,tourist123,395,2026-08-08 16:30:00
331,tanvir.islam.396@mailbox.test,Tanvir Islam,tourist,tourist123,396,2026-07-14 20:15:00
332,dhruv.gogoi.397@inbox.test,Dhruv Gogoi,tourist,tourist123,397,2026-09-03 02:30:00
333,aditya.reddy.398@inbox.test,Aditya Reddy,tourist,tourist123,398,2026-08-08 05:15:00
334,pranjal.nair.399@traveller.test,Pranjal Nair,tourist,tourist123,399,2026-07-23 19:30:00
335,sneha.kumar.401@traveller.test,Sneha Kumar,tourist,tourist123,401,2026-07-07 18:15:00
336,kavya.iyer.402@example.com,Kavya Iyer,tourist,tourist123,402,2026-08-17 05:15:00
337,kabir.verma.403@inbox.test,Kabir Verma,tourist,tourist123,403,2026-08-16 15:00:00
338,anjali.medhi.404@example.com,Anjali Medhi,tourist,tourist123,404,2026-08-26 07:15:00
339,gitanjali.baishya.405@traveller.test,Gitanjali Baishya,tourist,tourist123,405,2026-08-16 13:15:00
340,rohan.barua.406@traveller.test,Rohan Barua,tourist,tourist123,406,2026-07-10 22:15:00
341,hemanta.nath.408@mailbox.test,Hemanta Nath,tourist,tourist123,408,2026-07-10 20:45:00
342,anjali.rajkhowa.411@inbox.test,Anjali Rajkhowa,tourist,tourist123,411,2026-08-16 23:45:00
343,karim.begum.412@traveller.test,Karim Begum,tourist,tourist123,412,2026-07-24 20:00:00
344,rupam.saikia.413@inbox.test,Rupam Saikia,tourist,tourist123,413,2026-07-29 13:45:00
345,siddharth.verma.414@example.com,Siddharth Verma,tourist,tourist123,414,2026-07-15 20:45:00
346,hemanta.verma.415@inbox.test,Hemanta Verma,tourist,tourist123,415,2026-07-09 17:30:00
347,mridula.bora.416@traveller.test,Mridula Bora,tourist,tourist123,416,2026-08-08 08:00:00
348,arjun.bhattacharya.417@example.com,Arjun Bhattacharya,tourist,tourist123,417,2026-08-10 18:00:00
349,emily.johnson.418@mailbox.test,Emily Johnson,tourist,tourist123,418,2026-07-28 04:15:00
350,elena.lopez.419@example.com,Elena Lopez,tourist,tourist123,419,2026-07-30 07:45:00
351,siddharth.nair.420@traveller.test,Siddharth Nair,tourist,tourist123,420,2026-07-23 21:30:00
352,mridula.deka.421@example.com,Mridula Deka,tourist,tourist123,421,2026-08-06 02:00:00
353,vikram.kumar.422@example.com,Vikram Kumar,tourist,tourist123,422,2026-08-28 01:30:00
354,jayanta.saikia.423@example.com,Jayanta Saikia,tourist,tourist123,423,2026-08-07 13:45:00
355,pranjal.nath.427@traveller.test,Pranjal Nath,tourist,tourist123,427,2026-08-23 14:30:00
356,divya.sen.428@example.com,Divya Sen,tourist,tourist123,428,2026-08-06 18:00:00
357,chandana.dutta.429@example.com,Chandana Dutta,tourist,tourist123,429,2026-07-27 05:45:00
358,lena.schmidt.430@mailbox.test,Lena Schmidt,tourist,tourist123,430,2026-07-18 06:15:00
359,gitanjali.kalita.431@mailbox.test,Gitanjali Kalita,tourist,tourist123,431,2026-07-28 12:15:00
360,rituparna.kalita.432@example.com,Rituparna Kalita,tourist,tourist123,432,2026-08-13 11:45:00
361,sarah.smith.433@mailbox.test,Sarah Smith,tourist,tourist123,433,2026-07-22 11:45:00
362,sarah.brown.434@inbox.test,Sarah Brown,tourist,tourist123,434,2026-08-20 22:00:00
363,jayanta.bhattacharya.435@inbox.test,Jayanta Bhattacharya,tourist,tourist123,435,2026-08-12 01:00:00
364,parag.hazarika.436@example.com,Parag Hazarika,tourist,tourist123,436,2026-08-12 08:30:00
365,aarav.nath.438@inbox.test,Aarav Nath,tourist,tourist123,438,2026-08-14 11:00:00
366,nabanita.banerjee.439@example.com,Nabanita Banerjee,tourist,tourist123,439,2026-08-02 09:45:00
367,rupam.mishra.440@inbox.test,Rupam Mishra,tourist,tourist123,440,2026-07-28 06:15:00
368,tanvi.deka.442@mailbox.test,Tanvi Deka,tourist,tourist123,442,2026-08-16 11:30:00
369,emily.jones.443@inbox.test,Emily Jones,tourist,tourist123,443,2026-07-25 04:30:00
370,hannah.schneider.445@example.com,Hannah Schneider,tourist,tourist123,445,2026-08-13 06:00:00
371,gitanjali.sharma.446@example.com,Gitanjali Sharma,tourist,tourist123,446,2026-07-27 10:45:00
372,manish.singh.447@inbox.test,Manish Singh,tourist,tourist123,447,2026-08-03 17:30:00
373,sneha.barua.448@mailbox.test,Sneha Barua,tourist,tourist123,448,2026-07-26 10:15:00
374,rahul.nair.449@example.com,Rahul Nair,tourist,tourist123,449,2026-08-02 16:30:00
375,rituparna.verma.450@traveller.test,Rituparna Verma,tourist,tourist123,450,2026-07-22 05:00:00
376,george.hall.451@mailbox.test,George Hall,tourist,tourist123,451,2026-07-31 03:15:00
377,hemanta.gogoi.452@traveller.test,Hemanta Gogoi,tourist,tourist123,452,2026-07-20 03:45:00
378,hemanta.dutta.453@example.com,Hemanta Dutta,tourist,tourist123,453,2026-07-08 19:15:00
379,pooja.reddy.454@example.com,Pooja Reddy,tourist,tourist123,454,2026-07-30 06:30:00
380,utpal.reddy.455@example.com,Utpal Reddy,tourist,tourist123,455,2026-08-25 02:30:00
381,kavya.deka.456@traveller.test,Kavya Deka,tourist,tourist123,456,2026-08-02 17:30:00
382,junmoni.verma.457@example.com,Junmoni Verma,tourist,tourist123,457,2026-07-13 19:45:00
383,rupam.medhi.458@inbox.test,Rupam Medhi,tourist,tourist123,458,2026-08-27 00:00:00
384,ethan.miller.459@traveller.test,Ethan Miller,tourist,tourist123,459,2026-08-25 07:00:00
385,ashley.garcia.460@mailbox.test,Ashley Garcia,tourist,tourist123,460,2026-08-07 19:15:00
386,dhruv.nair.461@mailbox.test,Dhruv Nair,tourist,tourist123,461,2026-08-21 14:30:00
387,utpal.bora.462@example.com,Utpal Bora,tourist,tourist123,462,2026-08-01 04:30:00
388,bornali.mishra.463@traveller.test,Bornali Mishra,tourist,tourist123,463,2026-07-30 19:45:00
389,riya.hazarika.464@mailbox.test,Riya Hazarika,tourist,tourist123,464,2026-07-14 01:15:00
390,hemanta.iyer.465@mailbox.test,Hemanta Iyer,tourist,tourist123,465,2026-07-29 15:30:00
391,ishita.singh.466@traveller.test,Ishita Singh,tourist,tourist123,466,2026-08-25 02:30:00
392,aarav.medhi.467@example.com,Aarav Medhi,tourist,tourist123,467,2026-07-11 17:00:00
393,chandana.hazarika.468@mailbox.test,Chandana Hazarika,tourist,tourist123,468,2026-08-01 18:45:00
394,ishara.fernando.469@mailbox.test,Ishara Fernando,tourist,tourist123,469,2026-06-30 14:30:00
395,sneha.sharma.470@mailbox.test,Sneha Sharma,tourist,tourist123,470,2026-08-22 10:30:00
396,marcus.ong.471@example.com,Marcus Ong,tourist,tourist123,471,2026-07-20 04:45:00
397,aarav.das.472@inbox.test,Aarav Das,tourist,tourist123,472,2026-08-05 23:45:00
398,priya.rajkhowa.474@traveller.test,Priya Rajkhowa,tourist,tourist123,474,2026-08-05 08:30:00
399,hugo.girard.475@traveller.test,Hugo Girard,tourist,tourist123,475,2026-09-03 07:45:00
400,carmen.gomez.476@example.com,Carmen Gomez,tourist,tourist123,476,2026-08-23 19:45:00
401,manish.iyer.477@example.com,Manish Iyer,tourist,tourist123,477,2026-08-01 13:15:00
402,chandana.gogoi.478@traveller.test,Chandana Gogoi,tourist,tourist123,478,2026-07-13 03:00:00
403,nabanita.hazarika.480@mailbox.test,Nabanita Hazarika,tourist,tourist123,480,2026-09-04 10:30:00
404,simanta.banerjee.481@mailbox.test,Simanta Banerjee,tourist,tourist123,481,2026-08-07 12:30:00
405,kavya.bhattacharya.483@traveller.test,Kavya Bhattacharya,tourist,tourist123,483,2026-08-08 11:45:00
406,rahul.bora.484@example.com,Rahul Bora,tourist,tourist123,484,2026-07-08 06:15:00
407,kabir.das.485@inbox.test,Kabir Das,tourist,tourist123,485,2026-08-07 11:45:00
408,nabanita.kumar.486@mailbox.test,Nabanita Kumar,tourist,tourist123,486,2026-07-23 13:15:00
409,chandana.rajkhowa.487@traveller.test,Chandana Rajkhowa,tourist,tourist123,487,2026-08-14 06:15:00
410,sabina.uddin.488@inbox.test,Sabina Uddin,tourist,tourist123,488,2026-07-26 10:30:00
411,shakib.alam.489@example.com,Shakib Alam,tourist,tourist123,489,2026-07-18 00:15:00
412,jayanta.gogoi.490@inbox.test,Jayanta Gogoi,tourist,tourist123,490,2026-07-26 18:45:00
413,bornali.verma.491@traveller.test,Bornali Verma,tourist,tourist123,491,2026-08-17 21:30:00
414,sarita.shrestha.492@inbox.test,Sarita Shrestha,tourist,tourist123,492,2026-08-02 19:00:00
415,utpal.ghosh.495@inbox.test,Utpal Ghosh,tourist,tourist123,495,2026-08-17 06:30:00
416,luca.russo.496@mailbox.test,Luca Russo,tourist,tourist123,496,2026-08-09 18:00:00
417,sneha.banerjee.497@inbox.test,Sneha Banerjee,tourist,tourist123,497,2026-08-19 00:30:00
418,kavya.gogoi.498@traveller.test,Kavya Gogoi,tourist,tourist123,498,2026-08-19 09:15:00
419,rahul.hazarika.499@mailbox.test,Rahul Hazarika,tourist,tourist123,499,2026-07-10 12:30:00
420,grace.baker.500@example.com,Grace Baker,tourist,tourist123,500,2026-07-27 22:45:00
421,hemanta.iyer.502@example.com,Hemanta Iyer,tourist,tourist123,502,2026-07-25 03:00:00
422,tanvi.kalita.504@example.com,Tanvi Kalita,tourist,tourist123,504,2026-07-31 04:30:00
423,jessica.brown.505@traveller.test,Jessica Brown,tourist,tourist123,505,2026-08-03 13:45:00
424,imran.ahmed.506@example.com,Imran Ahmed,tourist,tourist123,506,2026-09-02 04:00:00
425,chandana.deka.507@example.com,Chandana Deka,tourist,tourist123,507,2026-08-16 08:45:00
426,suman.shrestha.508@traveller.test,Suman Shrestha,tourist,tourist123,508,2026-08-20 09:30:00
427,nabanita.sen.509@traveller.test,Nabanita Sen,tourist,tourist123,509,2026-08-24 20:00:00
428,anjali.sen.510@traveller.test,Anjali Sen,tourist,tourist123,510,2026-07-27 19:15:00
429,fatima.islam.511@example.com,Fatima Islam,tourist,tourist123,511,2026-08-25 00:45:00
430,dhruv.choudhury.513@example.com,Dhruv Choudhury,tourist,tourist123,513,2026-08-25 05:45:00
431,tanvi.nair.514@example.com,Tanvi Nair,tourist,tourist123,514,2026-07-26 13:30:00
432,priya.patel.515@example.com,Priya Patel,tourist,tourist123,515,2026-08-24 04:15:00
433,pooja.hazarika.516@traveller.test,Pooja Hazarika,tourist,tourist123,516,2026-09-03 19:45:00
434,rahim.khan.517@example.com,Rahim Khan,tourist,tourist123,517,2026-07-02 15:45:00
435,gitanjali.phukan.518@example.com,Gitanjali Phukan,tourist,tourist123,518,2026-08-09 05:45:00
436,kabir.deka.519@traveller.test,Kabir Deka,tourist,tourist123,519,2026-07-10 06:00:00
437,priya.kumar.521@inbox.test,Priya Kumar,tourist,tourist123,521,2026-07-22 20:30:00
438,nikhil.bhattacharya.523@example.com,Nikhil Bhattacharya,tourist,tourist123,523,2026-08-10 13:45:00
439,pranjal.medhi.524@traveller.test,Pranjal Medhi,tourist,tourist123,524,2026-08-23 23:45:00
440,lucia.perez.525@traveller.test,Lucia Perez,tourist,tourist123,525,2026-08-31 19:00:00
441,jahid.alam.526@mailbox.test,Jahid Alam,tourist,tourist123,526,2026-08-19 20:30:00
442,tashi.tshering.527@traveller.test,Tashi Tshering,tourist,tourist123,527,2026-07-02 16:15:00
443,dhruv.nair.529@traveller.test,Dhruv Nair,tourist,tourist123,529,2026-08-06 22:30:00
444,siddharth.mishra.531@inbox.test,Siddharth Mishra,tourist,tourist123,531,2026-08-10 09:00:00
445,mridula.reddy.532@example.com,Mridula Reddy,tourist,tourist123,532,2026-08-18 13:30:00
446,nabanita.phukan.533@traveller.test,Nabanita Phukan,tourist,tourist123,533,2026-07-26 11:45:00
447,arjun.saikia.535@traveller.test,Arjun Saikia,tourist,tourist123,535,2026-08-07 09:00:00
448,manish.reddy.536@mailbox.test,Manish Reddy,tourist,tourist123,536,2026-08-20 04:00:00
449,rahul.saikia.537@inbox.test,Rahul Saikia,tourist,tourist123,537,2026-08-21 04:30:00
450,dhruv.das.539@inbox.test,Dhruv Das,tourist,tourist123,539,2026-07-12 11:15:00
451,divya.barua.541@traveller.test,Divya Barua,tourist,tourist123,541,2026-08-13 22:45:00
452,pooja.patel.542@example.com,Pooja Patel,tourist,tourist123,542,2026-08-08 00:30:00
453,rohan.barua.543@inbox.test,Rohan Barua,tourist,tourist123,543,2026-07-16 18:30:00
454,anurag.deka.544@inbox.test,Anurag Deka,tourist,tourist123,544,2026-07-22 06:15:00
455,bhaskar.kalita.546@example.com,Bhaskar Kalita,tourist,tourist123,546,2026-08-07 20:15:00
456,priya.bhattacharya.547@inbox.test,Priya Bhattacharya,tourist,tourist123,547,2026-07-23 20:30:00
457,wei.chen.549@traveller.test,Wei Chen,tourist,tourist123,549,2026-07-07 12:45:00
458,anjali.reddy.550@inbox.test,Anjali Reddy,tourist,tourist123,550,2026-07-14 17:45:00
459,bornali.medhi.551@traveller.test,Bornali Medhi,tourist,tourist123,551,2026-07-17 06:00:00
460,dhruv.nair.553@traveller.test,Dhruv Nair,tourist,tourist123,553,2026-07-31 06:45:00
461,olivia.davis.554@inbox.test,Olivia Davis,tourist,tourist123,554,2026-08-31 05:15:00
462,anjali.patel.558@traveller.test,Anjali Patel,tourist,tourist123,558,2026-07-25 17:30:00
463,harry.taylor.559@mailbox.test,Harry Taylor,tourist,tourist123,559,2026-07-24 04:15:00
464,prakash.magar.560@mailbox.test,Prakash Magar,tourist,tourist123,560,2026-08-26 20:00:00
465,rituparna.kalita.563@inbox.test,Rituparna Kalita,tourist,tourist123,563,2026-08-15 09:15:00
466,priya.sen.564@inbox.test,Priya Sen,tourist,tourist123,564,2026-07-18 09:45:00
467,marco.russo.565@mailbox.test,Marco Russo,tourist,tourist123,565,2026-08-15 10:00:00
468,priya.nath.566@mailbox.test,Priya Nath,tourist,tourist123,566,2026-07-30 19:30:00
469,arjun.verma.567@traveller.test,Arjun Verma,tourist,tourist123,567,2026-07-11 12:00:00
470,pooja.medhi.569@traveller.test,Pooja Medhi,tourist,tourist123,569,2026-08-26 10:00:00
471,emily.garcia.571@mailbox.test,Emily Garcia,tourist,tourist123,571,2026-08-12 17:00:00
472,kabir.deka.572@mailbox.test,Kabir Deka,tourist,tourist123,572,2026-08-15 01:45:00
473,rupam.barua.573@inbox.test,Rupam Barua,tourist,tourist123,573,2026-08-24 23:15:00
474,riya.sen.575@mailbox.test,Riya Sen,tourist,tourist123,575,2026-07-26 09:30:00
475,bornali.singh.576@inbox.test,Bornali Singh,tourist,tourist123,576,2026-07-29 23:30:00
476,utpal.deka.577@inbox.test,Utpal Deka,tourist,tourist123,577,2026-08-22 06:15:00
477,meera.medhi.578@traveller.test,Meera Medhi,tourist,tourist123,578,2026-08-07 03:30:00
478,rohan.bora.579@inbox.test,Rohan Bora,tourist,tourist123,579,2026-08-27 07:30:00
479,rohan.patel.580@mailbox.test,Rohan Patel,tourist,tourist123,580,2026-07-08 07:00:00
480,jack.taylor.582@mailbox.test,Jack Taylor,tourist,tourist123,582,2026-07-29 04:45:00
481,chandana.hazarika.584@mailbox.test,Chandana Hazarika,tourist,tourist123,584,2026-08-07 14:00:00
482,rupam.gogoi.585@inbox.test,Rupam Gogoi,tourist,tourist123,585,2026-08-12 00:30:00
483,siddharth.das.586@inbox.test,Siddharth Das,tourist,tourist123,586,2026-08-18 15:30:00
484,riya.patel.587@inbox.test,Riya Patel,tourist,tourist123,587,2026-07-30 00:30:00
485,sipho.nkosi.588@mailbox.test,Sipho Nkosi,tourist,tourist123,588,2026-08-21 03:45:00
486,nabanita.rajkhowa.589@example.com,Nabanita Rajkhowa,tourist,tourist123,589,2026-08-12 21:45:00
487,manish.iyer.590@mailbox.test,Manish Iyer,tourist,tourist123,590,2026-07-14 00:45:00
488,ishita.ghosh.591@traveller.test,Ishita Ghosh,tourist,tourist123,591,2026-07-13 18:45:00
489,tanvi.verma.592@inbox.test,Tanvi Verma,tourist,tourist123,592,2026-08-26 15:15:00
490,alfie.edwards.593@mailbox.test,Alfie Edwards,tourist,tourist123,593,2026-08-01 23:15:00
491,bhaskar.dutta.594@example.com,Bhaskar Dutta,tourist,tourist123,594,2026-07-06 06:15:00
492,divya.nair.595@inbox.test,Divya Nair,tourist,tourist123,595,2026-07-11 12:00:00
493,ananya.rajkhowa.596@mailbox.test,Ananya Rajkhowa,tourist,tourist123,596,2026-07-22 13:45:00
494,sneha.dutta.597@example.com,Sneha Dutta,tourist,tourist123,597,2026-07-28 10:00:00
495,divya.kumar.598@inbox.test,Divya Kumar,tourist,tourist123,598,2026-08-03 00:00:00
496,simanta.nath.600@mailbox.test,Simanta Nath,tourist,tourist123,600,2026-08-19 17:45:00
497,jayanta.iyer.601@mailbox.test,Jayanta Iyer,tourist,tourist123,601,2026-08-14 05:15:00
498,vikram.singh.602@inbox.test,Vikram Singh,tourist,tourist123,602,2026-08-17 05:30:00
499,kabir.gogoi.603@mailbox.test,Kabir Gogoi,tourist,tourist123,603,2026-08-13 17:45:00
500,kenji.tanaka.604@inbox.test,Kenji Tanaka,tourist,tourist123,604,2026-07-06 10:15:00
501,priya.kumar.605@example.com,Priya Kumar,tourist,tourist123,605,2026-07-19 10:00:00
502,ananya.mishra.606@mailbox.test,Ananya Mishra,tourist,tourist123,606,2026-07-18 12:30:00
503,nabanita.baishya.607@mailbox.test,Nabanita Baishya,tourist,tourist123,607,2026-08-10 09:30:00
504,arjun.phukan.608@example.com,Arjun Phukan,tourist,tourist123,608,2026-08-21 15:00:00
505,shakib.uddin.609@mailbox.test,Shakib Uddin,tourist,tourist123,609,2026-07-13 11:00:00
506,jiwoo.kim.611@mailbox.test,Jiwoo Kim,tourist,tourist123,611,2026-08-06 19:45:00
507,mridula.phukan.612@example.com,Mridula Phukan,tourist,tourist123,612,2026-07-09 23:00:00
508,emily.johnson.613@example.com,Emily Johnson,tourist,tourist123,613,2026-08-13 18:00:00
509,anjali.bora.614@inbox.test,Anjali Bora,tourist,tourist123,614,2026-08-21 10:00:00
510,siddharth.bora.615@traveller.test,Siddharth Bora,tourist,tourist123,615,2026-08-16 02:45:00
511,tanvi.das.617@example.com,Tanvi Das,tourist,tourist123,617,2026-09-01 15:00:00
512,pranjal.kalita.619@mailbox.test,Pranjal Kalita,tourist,tourist123,619,2026-07-13 03:30:00
513,kabir.mishra.620@example.com,Kabir Mishra,tourist,tourist123,620,2026-07-13 09:15:00
514,shakib.khan.621@inbox.test,Shakib Khan,tourist,tourist123,621,2026-08-18 09:00:00
515,maayan.levi.622@traveller.test,Maayan Levi,tourist,tourist123,622,2026-07-26 17:00:00
516,nikhil.banerjee.623@example.com,Nikhil Banerjee,tourist,tourist123,623,2026-07-23 09:00:00
517,nuwan.fernando.624@traveller.test,Nuwan Fernando,tourist,tourist123,624,2026-08-22 05:15:00
518,siddharth.bhattacharya.625@traveller.test,Siddharth Bhattacharya,tourist,tourist123,625,2026-08-12 21:00:00
519,nikhil.das.626@example.com,Nikhil Das,tourist,tourist123,626,2026-07-29 07:00:00
520,chandana.das.627@example.com,Chandana Das,tourist,tourist123,627,2026-07-26 01:45:00
521,mridula.sen.628@traveller.test,Mridula Sen,tourist,tourist123,628,2026-07-18 14:15:00
522,imran.begum.629@mailbox.test,Imran Begum,tourist,tourist123,629,2026-07-16 23:45:00
523,nuwan.bandara.631@traveller.test,Nuwan Bandara,tourist,tourist123,631,2026-08-06 07:15:00
524,hemanta.bora.632@inbox.test,Hemanta Bora,tourist,tourist123,632,2026-08-27 18:00:00
525,ananya.barua.633@traveller.test,Ananya Barua,tourist,tourist123,633,2026-08-15 14:30:00
526,anjali.banerjee.634@mailbox.test,Anjali Banerjee,tourist,tourist123,634,2026-08-03 11:30:00
527,ishita.nath.635@mailbox.test,Ishita Nath,tourist,tourist123,635,2026-08-24 18:00:00
528,tanvi.rajkhowa.636@traveller.test,Tanvi Rajkhowa,tourist,tourist123,636,2026-07-26 17:00:00
529,pranjal.sharma.637@example.com,Pranjal Sharma,tourist,tourist123,637,2026-07-30 09:15:00
530,bishal.patel.638@mailbox.test,Bishal Patel,tourist,tourist123,638,2026-08-23 13:30:00
531,divya.bhattacharya.639@mailbox.test,Divya Bhattacharya,tourist,tourist123,639,2026-08-10 22:45:00
532,rituparna.iyer.640@inbox.test,Rituparna Iyer,tourist,tourist123,640,2026-08-07 12:30:00
533,jayanta.hazarika.641@example.com,Jayanta Hazarika,tourist,tourist123,641,2026-07-27 13:45:00
534,bornali.barua.642@example.com,Bornali Barua,tourist,tourist123,642,2026-08-10 15:00:00
535,aditya.baishya.643@traveller.test,Aditya Baishya,tourist,tourist123,643,2026-08-07 03:15:00
536,bornali.choudhury.644@traveller.test,Bornali Choudhury,tourist,tourist123,644,2026-08-25 05:00:00
537,hemanta.reddy.645@inbox.test,Hemanta Reddy,tourist,tourist123,645,2026-08-03 22:15:00
538,tanvi.gogoi.646@example.com,Tanvi Gogoi,tourist,tourist123,646,2026-07-16 08:00:00
539,dhruv.rajkhowa.647@traveller.test,Dhruv Rajkhowa,tourist,tourist123,647,2026-08-08 13:15:00
540,anjali.choudhury.648@traveller.test,Anjali Choudhury,tourist,tourist123,648,2026-07-13 23:15:00
541,ishita.patel.650@example.com,Ishita Patel,tourist,tourist123,650,2026-07-31 08:45:00
542,aarav.rajkhowa.651@inbox.test,Aarav Rajkhowa,tourist,tourist123,651,2026-07-15 21:15:00
543,emma.roy.652@inbox.test,Emma Roy,tourist,tourist123,652,2026-07-09 12:30:00
544,sneha.kumar.655@mailbox.test,Sneha Kumar,tourist,tourist123,655,2026-08-20 22:45:00
545,logan.gagnon.656@mailbox.test,Logan Gagnon,tourist,tourist123,656,2026-08-10 12:00:00
546,rumana.uddin.658@traveller.test,Rumana Uddin,tourist,tourist123,658,2026-08-04 16:15:00
547,meera.saikia.659@traveller.test,Meera Saikia,tourist,tourist123,659,2026-07-28 07:30:00
548,rupam.singh.660@inbox.test,Rupam Singh,tourist,tourist123,660,2026-08-25 02:45:00
549,nikhil.barua.661@mailbox.test,Nikhil Barua,tourist,tourist123,661,2026-07-25 20:15:00
550,ishita.bhattacharya.662@traveller.test,Ishita Bhattacharya,tourist,tourist123,662,2026-08-15 08:45:00
551,rumana.alam.663@mailbox.test,Rumana Alam,tourist,tourist123,663,2026-07-19 10:45:00
552,rituparna.sharma.664@mailbox.test,Rituparna Sharma,tourist,tourist123,664,2026-07-16 15:15:00
553,anjana.gurung.665@mailbox.test,Anjana Gurung,tourist,tourist123,665,2026-09-06 02:15:00
554,tanvi.das.666@example.com,Tanvi Das,tourist,tourist123,666,2026-08-23 04:15:00
555,jayanta.rajkhowa.667@mailbox.test,Jayanta Rajkhowa,tourist,tourist123,667,2026-07-31 07:45:00
556,kavya.ghosh.668@traveller.test,Kavya Ghosh,tourist,tourist123,668,2026-08-19 16:45:00
557,anurag.patel.669@example.com,Anurag Patel,tourist,tourist123,669,2026-08-31 05:45:00
558,tamar.peretz.670@mailbox.test,Tamar Peretz,tourist,tourist123,670,2026-07-05 01:30:00
559,tanvi.kalita.671@traveller.test,Tanvi Kalita,tourist,tourist123,671,2026-07-19 05:00:00
560,divya.reddy.672@mailbox.test,Divya Reddy,tourist,tourist123,672,2026-08-06 21:00:00
561,utpal.banerjee.673@example.com,Utpal Banerjee,tourist,tourist123,673,2026-09-06 15:45:00
562,oliver.walker.674@traveller.test,Oliver Walker,tourist,tourist123,674,2026-08-23 21:15:00
563,rupam.singh.675@traveller.test,Rupam Singh,tourist,tourist123,675,2026-08-15 10:30:00
564,tanvi.patel.676@traveller.test,Tanvi Patel,tourist,tourist123,676,2026-08-17 03:30:00
565,rupam.patel.677@traveller.test,Rupam Patel,tourist,tourist123,677,2026-08-16 15:15:00
566,emily.wilson.678@mailbox.test,Emily Wilson,tourist,tourist123,678,2026-07-04 08:00:00
567,kabir.nath.679@example.com,Kabir Nath,tourist,tourist123,679,2026-08-08 09:15:00
568,ayesha.hossain.680@example.com,Ayesha Hossain,tourist,tourist123,680,2026-08-20 15:00:00
569,nattapong.thongchai.681@mailbox.test,Nattapong Thongchai,tourist,tourist123,681,2026-08-16 12:00:00
570,anjali.singh.682@example.com,Anjali Singh,tourist,tourist123,682,2026-08-24 14:30:00
571,priya.barua.683@traveller.test,Priya Barua,tourist,tourist123,683,2026-08-02 06:30:00
572,anastasia.smirnov.684@example.com,Anastasia Smirnov,tourist,tourist123,684,2026-07-14 20:00:00
573,emily.davis.685@example.com,Emily Davis,tourist,tourist123,685,2026-08-19 18:15:00
574,vikram.hazarika.687@mailbox.test,Vikram Hazarika,tourist,tourist123,687,2026-08-11 09:45:00
575,anjali.baishya.688@mailbox.test,Anjali Baishya,tourist,tourist123,688,2026-08-15 15:15:00
576,simanta.rajkhowa.689@mailbox.test,Simanta Rajkhowa,tourist,tourist123,689,2026-08-11 05:45:00
577,meera.patel.690@example.com,Meera Patel,tourist,tourist123,690,2026-07-19 11:00:00
578,arjun.bora.691@mailbox.test,Arjun Bora,tourist,tourist123,691,2026-07-27 13:30:00
579,nusrat.ahmed.692@example.com,Nusrat Ahmed,tourist,tourist123,692,2026-07-23 23:00:00
580,chandana.phukan.693@example.com,Chandana Phukan,tourist,tourist123,693,2026-07-31 13:45:00
581,nikhil.phukan.694@mailbox.test,Nikhil Phukan,tourist,tourist123,694,2026-07-25 07:00:00
582,prakash.thapa.696@mailbox.test,Prakash Thapa,tourist,tourist123,696,2026-08-24 06:30:00
583,mridula.das.697@inbox.test,Mridula Das,tourist,tourist123,697,2026-08-06 04:00:00
584,nikhil.kalita.698@traveller.test,Nikhil Kalita,tourist,tourist123,698,2026-07-19 01:15:00
585,jayanta.ghosh.699@traveller.test,Jayanta Ghosh,tourist,tourist123,699,2026-07-26 07:45:00
586,hemanta.barua.700@inbox.test,Hemanta Barua,tourist,tourist123,700,2026-08-07 16:45:00
587,siddharth.iyer.702@example.com,Siddharth Iyer,tourist,tourist123,702,2026-08-03 19:15:00
588,manish.ghosh.703@mailbox.test,Manish Ghosh,tourist,tourist123,703,2026-07-06 15:15:00
589,nabanita.verma.705@traveller.test,Nabanita Verma,tourist,tourist123,705,2026-07-23 20:15:00
590,siddharth.barua.706@traveller.test,Siddharth Barua,tourist,tourist123,706,2026-08-19 22:30:00
591,ashley.brown.707@mailbox.test,Ashley Brown,tourist,tourist123,707,2026-08-15 21:15:00
592,tanvi.phukan.708@mailbox.test,Tanvi Phukan,tourist,tourist123,708,2026-08-10 20:30:00
593,gitanjali.deka.709@traveller.test,Gitanjali Deka,tourist,tourist123,709,2026-08-29 23:15:00
594,siddharth.iyer.710@inbox.test,Siddharth Iyer,tourist,tourist123,710,2026-07-18 00:15:00
595,utpal.medhi.711@inbox.test,Utpal Medhi,tourist,tourist123,711,2026-07-15 21:15:00
596,manish.gogoi.712@example.com,Manish Gogoi,tourist,tourist123,712,2026-08-15 18:30:00
597,anika.nkosi.713@inbox.test,Anika Nkosi,tourist,tourist123,713,2026-08-20 05:00:00
598,riya.nath.714@example.com,Riya Nath,tourist,tourist123,714,2026-08-11 00:00:00
599,riya.bora.718@mailbox.test,Riya Bora,tourist,tourist123,718,2026-08-31 04:00:00
600,bishal.patel.719@inbox.test,Bishal Patel,tourist,tourist123,719,2026-09-09 03:45:00
601,manish.sharma.720@traveller.test,Manish Sharma,tourist,tourist123,720,2026-08-22 12:30:00
602,debojit.reddy.721@traveller.test,Debojit Reddy,tourist,tourist123,721,2026-07-28 22:15:00
603,junmoni.verma.722@traveller.test,Junmoni Verma,tourist,tourist123,722,2026-07-11 17:00:00
604,ashley.davis.723@mailbox.test,Ashley Davis,tourist,tourist123,723,2026-08-24 13:30:00
605,utpal.singh.725@example.com,Utpal Singh,tourist,tourist123,725,2026-08-14 15:30:00
606,emily.miller.726@inbox.test,Emily Miller,tourist,tourist123,726,2026-08-11 00:30:00
607,bornali.medhi.727@example.com,Bornali Medhi,tourist,tourist123,727,2026-07-17 09:30:00
608,bhaskar.rajkhowa.728@traveller.test,Bhaskar Rajkhowa,tourist,tourist123,728,2026-07-18 04:45:00
609,pranjal.reddy.729@example.com,Pranjal Reddy,tourist,tourist123,729,2026-07-19 11:00:00
610,vikram.phukan.730@traveller.test,Vikram Phukan,tourist,tourist123,730,2026-07-19 16:30:00
611,priya.hazarika.731@inbox.test,Priya Hazarika,tourist,tourist123,731,2026-08-19 00:15:00
612,hemanta.medhi.732@inbox.test,Hemanta Medhi,tourist,tourist123,732,2026-07-04 11:30:00
613,fang.li.733@example.com,Fang Li,tourist,tourist123,733,2026-07-16 19:45:00
614,nabanita.mishra.735@example.com,Nabanita Mishra,tourist,tourist123,735,2026-08-21 23:45:00
615,vikram.rajkhowa.736@traveller.test,Vikram Rajkhowa,tourist,tourist123,736,2026-08-06 20:15:00
616,simanta.deka.737@mailbox.test,Simanta Deka,tourist,tourist123,737,2026-08-10 15:30:00
617,anjali.das.738@mailbox.test,Anjali Das,tourist,tourist123,738,2026-07-28 11:00:00
618,rituparna.gogoi.739@traveller.test,Rituparna Gogoi,tourist,tourist123,739,2026-09-04 00:30:00
619,hemanta.saikia.740@traveller.test,Hemanta Saikia,tourist,tourist123,740,2026-07-29 11:30:00
620,kavya.reddy.743@inbox.test,Kavya Reddy,tourist,tourist123,743,2026-08-13 21:00:00
621,hemanta.baishya.744@traveller.test,Hemanta Baishya,tourist,tourist123,744,2026-07-31 19:30:00
622,bishal.sharma.745@example.com,Bishal Sharma,tourist,tourist123,745,2026-08-17 17:30:00
623,aarav.iyer.746@mailbox.test,Aarav Iyer,tourist,tourist123,746,2026-07-22 06:30:00
624,nikhil.reddy.747@example.com,Nikhil Reddy,tourist,tourist123,747,2026-07-17 21:45:00
625,jiwoo.jung.748@mailbox.test,Jiwoo Jung,tourist,tourist123,748,2026-08-04 13:30:00
626,manish.hazarika.749@mailbox.test,Manish Hazarika,tourist,tourist123,749,2026-07-21 18:30:00
